{
    "NQW": {
        "mean_NQW": 1.755952380952381, 
        "mean_RL_NQW": -0.43456270106528283, 
        "stdev_NQW": 7.170713077068904
    }, 
    "OPS": {
        "mean_RL_OPS": 0.73474395711816054, 
        "stdev_OPS": 0.09639611690537118, 
        "mean_OPS": 0.7880880952380952
    }, 
    "HR": {
        "stdev_HR": 3.3511145361148507, 
        "mean_HR": 9.05952380952381, 
        "mean_RL_HR": 7.2050682317569548
    }, 
    "VIJAY": {
        "mean_VIJAY": 4.81352380952381, 
        "mean_RL_VIJAY": 3.7288185555832465, 
        "stdev_VIJAY": 3.550813328357728
    }, 
    "K": {
        "mean_RL_K": 52.509237788185914, 
        "stdev_K": 11.212770670944368, 
        "mean_K": 55.93452380952381
    }, 
    "aSB": {
        "mean_RL_aSB": 1.7448582105563275, 
        "stdev_aSB": 2.0798823713476478, 
        "mean_aSB": 2.8958333333333335
    }, 
    "R": {
        "mean_RL_R": 28.56709866002851, 
        "stdev_R": 6.397076160608011, 
        "mean_R": 32.107142857142854
    }, 
    "OBP": {
        "stdev_OBP": 0.03411801161926073, 
        "mean_RL_OBP": 0.31903389942256394, 
        "mean_OBP": 0.3379142857142857
    }, 
    "HRA": {
        "stdev_HRA": 2.967549760753674, 
        "mean_HRA": 7.160714285714286, 
        "mean_RL_HRA": 8.0672437253534959
    }, 
    "aWHIP": {
        "mean_RL_aWHIP": 1.3359905068509266, 
        "stdev_aWHIP": 0.19269790161655925, 
        "mean_aWHIP": 1.2771249999999998
    }, 
    "aRBI": {
        "mean_aRBI": 26.36904761904762, 
        "mean_RL_aRBI": 21.491616677225746, 
        "stdev_aRBI": 8.813815722519573
    }, 
    "ERA": {
        "stdev_ERA": 1.0594040236550313, 
        "mean_RL_ERA": 4.1630978141570489, 
        "mean_ERA": 3.8394702380952377
    }
}