team,pick,odds,first_pick

wind,1,0.32432432432432434,0.32432432432432434

dipas,2,0.56,0.3783783783783784

roof,3,0.2727272727272727,0.08108108108108109

bsff,4,0.125,0.02702702702702703

choice,5,0.7142857142857143,0.13513513513513514

powers,6,1.0,0.05405405405405406

